model,mae,rmse,r2
Neural_Network,0.16364531517628256,0.3338164009471688,0.8442808594087308
QRF_q50,0.16007875597310553,0.33787632100834875,0.8404700714668442
Random_Forest,0.17217949806401875,0.3474409291765147,0.8313102817428268
Persistence_1h,0.18102878787878787,0.3511996744901009,0.8276406424337712
Linear_Regression,0.23930721791146026,0.41753738046307204,0.7563775077491522
Quantile_Regression_q50,0.2520458338110546,0.4598258701610538,0.7045299538561325
Elastic_Net,0.2714363035949563,0.4678222348305221,0.6941641613645335
ARIMA,0.5811116841929258,0.8700200473366864,-0.0577552196277451
Persistence_24h,0.6000682070707071,0.924241108519638,-0.19370556821650187
