model,MAE,RMSE,R2
Elastic_Net,0.57788924341663,0.8545850458615794,-0.002704780485835112
ARIMA,0.6090784748723618,0.8636255248306504,-0.02403180825138307
Linear_Regression,0.5957946070253677,0.8790064682208467,-0.060832091745832484
Random_Forest,0.6395667210446238,0.903612506531574,-0.12105513922273392
Quantile_Regression_q50,0.5732528906928435,0.9306241860718857,-0.18908028376344732
QRF_q50,0.6107906382730335,0.93164421529529,-0.19168834266921442
Persistence_24h,0.603840639625585,0.931793867347485,-0.19207122043862412
Neural_Network,0.701960062073977,1.0234701534572066,-0.4381787651465532
Persistence_168h,0.7758499739989599,1.1392346318425024,-0.7819227189686657
